Workbook

Sheet Population_Dynamics
A1: Year | B1: Heck_Cattle | C1: Konik_Horses | D1: Red_Deer | E1: Total
A2: 1983 | B2: 30 | C2: 0 | D2: 0 | E2: 30
A3: 1984 | B3: 30 | C3: 20 | D3: 0 | E3: 50
A4: 1985 | B4: 35 | C4: 20 | D4: 0 | E4: 55
A5: 1986 | B5: 35 | C5: 20 | D5: 0 | E5: 55
A6: 1987 | B6: 30 | C6: 30 | D6: 0 | E6: 60
A7: 1988 | B7: 60 | C7: 35 | D7: 0 | E7: 95
A8: 1989 | B8: 80 | C8: 45 | D8: 0 | E8: 125
A9: 1990 | B9: 115 | C9: 55 | D9: 0 | E9: 170
A10: 1991 | B10: 135 | C10: 70 | D10: 0 | E10: 205
A11: 1992 | B11: 170 | C11: 85 | D11: 45 | E11: 300
A12: 1993 | B12: 195 | C12: 120 | D12: 70 | E12: 385
A13: 1994 | B13: 240 | C13: 160 | D13: 100 | E13: 500
... A43: 2024 | B43: 375 | C43: 350 | D43: 870 | E43: 1595

Sheet Birth_Rates
A1: Year | B1: Heck_Cattle | C1: Konik_Horses | D1: Red_Deer | E1: Total
A2: 1990 | B2: 0 | C2: 0 | D2: 0 | E2: 0
A3: 1991 | B3: 5 | C3: 0 | D3: 0 | E3: 5
A4: 1992 | B4: 10 | C4: 5 | D4: 0 | E4: 15
A5: 1993 | B5: 10 | C5: 10 | D5: 0 | E5: 20
A6: 1994 | B6: 15 | C6: 10 | D6: 0 | E6: 25
A7: 1995 | B7: 25 | C7: 10 | D7: 0 | E7: 35
A8: 1996 | B8: 25 | C8: 15 | D8: 0 | E8: 40
A9: 1997 | B9: 35 | C9: 20 | D9: 0 | E9: 55
A10: 1998 | B10: 40 | C10: 20 | D10: 0 | E10: 60
A11: 1999 | B11: 45 | C11: 35 | D11: 20 | E11: 100
A12: 2000 | B12: 60 | C12: 45 | D12: 35 | E12: 140
A13: 2001 | B13: 65 | C13: 60 | D13: 35 | E13: 160
... A34: 2022 | B34: 60 | C34: 290 | D34: 800 | E34: 1150

Sheet Death_Rates
A1: Year | B1: Heck_Cattle | C1: Konik_Horses | D1: Red_Deer | E1: Total
A2: 1990 | B2: 0 | C2: 0 | D2: 0 | E2: 0
A3: 1991 | B3: 0 | C3: 0 | D3: 0 | E3: 0
A4: 1992 | B4: 10 | C4: 0 | D4: 0 | E4: 10
A5: 1993 | B5: 15 | C5: 5 | D5: 0 | E5: 20
A6: 1994 | B6: 5 | C6: 5 | D6: 0 | E6: 10
A7: 1995 | B7: 5 | C7: 0 | D7: 0 | E7: 5
A8: 1996 | B8: 10 | C8: 0 | D8: 0 | E8: 10
A9: 1997 | B9: 10 | C9: 0 | D9: 0 | E9: 10
A10: 1998 | B10: 10 | C10: 5 | D10: 0 | E10: 15
A11: 1999 | B11: 15 | C11: 10 | D11: 5 | E11: 30
A12: 2000 | B12: 15 | C12: 5 | D12: 5 | E12: 25
A13: 2001 | B13: 30 | C13: 15 | D13: 0 | E13: 45
... A34: 2022 | B34: 80 | C34: 380 | D34: 970 | E34: 1430

Sheet Growth_Rate
A1: Year | B1: Heck_Cattle | C1: Konik_Horses | D1: Red_Deer
A2: 1990 | B2: =(Birth_Rates!B2/Population_Dynamics!B9) - (Death_Rates!B2/Population_Dynamics!B9) -> 0 | C2: =(Birth_Rates!C2/Population_Dynamics!C9) - (Death_Rates!C2/Population_Dynamics!C9) -> 0 | D2: 0
A3: 1991 | B3: =(Birth_Rates!B3/Population_Dynamics!B10) - (Death_Rates!B3/Population_Dynamics!B10) -> 0.037037037 | C3: =(Birth_Rates!C3/Population_Dynamics!C10) - (Death_Rates!C3/Population_Dynamics!C10) -> 0 | D3: 0
A4: 1992 | B4: =(Birth_Rates!B4/Population_Dynamics!B11) - (Death_Rates!B4/Population_Dynamics!B11) -> 0 | C4: =(Birth_Rates!C4/Population_Dynamics!C11) - (Death_Rates!C4/Population_Dynamics!C11) -> 0.058823529 | D4: =(Birth_Rates!D4/Population_Dynamics!D11) - (Death_Rates!D4/Population_Dynamics!D11) -> 0
A5: 1993 | B5: =(Birth_Rates!B5/Population_Dynamics!B12) - (Death_Rates!B5/Population_Dynamics!B12) -> -0.025641026 | C5: =(Birth_Rates!C5/Population_Dynamics!C12) - (Death_Rates!C5/Population_Dynamics!C12) -> 0.041666667 | D5: =(Birth_Rates!D5/Population_Dynamics!D12) - (Death_Rates!D5/Population_Dynamics!D12) -> 0
A6: 1994 | B6: =(Birth_Rates!B6/Population_Dynamics!B13) - (Death_Rates!B6/Population_Dynamics!B13) -> 0.041666667 | C6: =(Birth_Rates!C6/Population_Dynamics!C13) - (Death_Rates!C6/Population_Dynamics!C13) -> 0.03125 | D6: =(Birth_Rates!D6/Population_Dynamics!D13) - (Death_Rates!D6/Population_Dynamics!D13) -> 0
A7: 1995 | B7: =(Birth_Rates!B7/Population_Dynamics!B14) - (Death_Rates!B7/Population_Dynamics!B14) -> 0.071428571 | C7: =(Birth_Rates!C7/Population_Dynamics!C14) - (Death_Rates!C7/Population_Dynamics!C14) -> 0.05 | D7: =(Birth_Rates!D7/Population_Dynamics!D14) - (Death_Rates!D7/Population_Dynamics!D14) -> 0
A8: 1996 | B8: =(Birth_Rates!B8/Population_Dynamics!B15) - (Death_Rates!B8/Population_Dynamics!B15) -> 0.044117647 | C8: =(Birth_Rates!C8/Population_Dynamics!C15) - (Death_Rates!C8/Population_Dynamics!C15) -> 0.0625 | D8: =(Birth_Rates!D8/Population_Dynamics!D15) - (Death_Rates!D8/Population_Dynamics!D15) -> 0
A9: 1997 | B9: =(Birth_Rates!B9/Population_Dynamics!B16) - (Death_Rates!B9/Population_Dynamics!B16) -> 0.064102564 | C9: =(Birth_Rates!C9/Population_Dynamics!C16) - (Death_Rates!C9/Population_Dynamics!C16) -> 0.071428571 | D9: =(Birth_Rates!D9/Population_Dynamics!D16) - (Death_Rates!D9/Population_Dynamics!D16) -> 0
A10: 1998 | B10: =(Birth_Rates!B10/Population_Dynamics!B17) - (Death_Rates!B10/Population_Dynamics!B17) -> 0.066666667 | C10: =(Birth_Rates!C10/Population_Dynamics!C17) - (Death_Rates!C10/Population_Dynamics!C17) -> 0.045454545 | D10: =(Birth_Rates!D10/Population_Dynamics!D17) - (Death_Rates!D10/Population_Dynamics!D17) -> 0
A11: 1999 | B11: =(Birth_Rates!B11/Population_Dynamics!B18) - (Death_Rates!B11/Population_Dynamics!B18) -> 0.06 | C11: =(Birth_Rates!C11/Population_Dynamics!C18) - (Death_Rates!C11/Population_Dynamics!C18) -> 0.064102564 | D11: =(Birth_Rates!D11/Population_Dynamics!D18) - (Death_Rates!D11/Population_Dynamics!D18) -> 0.039473684
A12: 2000 | B12: =(Birth_Rates!B12/Population_Dynamics!B19) - (Death_Rates!B12/Population_Dynamics!B19) -> 0.088235294 | C12: =(Birth_Rates!C12/Population_Dynamics!C19) - (Death_Rates!C12/Population_Dynamics!C19) -> 0.088888889 | D12: =(Birth_Rates!D12/Population_Dynamics!D19) - (Death_Rates!D12/Population_Dynamics!D19) -> 0.065217391
A13: 2001 | B13: =(Birth_Rates!B13/Population_Dynamics!B20) - (Death_Rates!B13/Population_Dynamics!B20) -> 0.060344828 | C13: =(Birth_Rates!C13/Population_Dynamics!C20) - (Death_Rates!C13/Population_Dynamics!C20) -> 0.086538462 | D13: =(Birth_Rates!D13/Population_Dynamics!D20) - (Death_Rates!D13/Population_Dynamics!D20) -> 0.059322034
A14: 2002 | B14: =(Birth_Rates!B14/Population_Dynamics!B21) - (Death_Rates!B14/Population_Dynamics!B21) -> 0.10344828 | C14: =(Birth_Rates!C14/Population_Dynamics!C21) - (Death_Rates!C14/Population_Dynamics!C21) -> 0.06557377 | D14: =(Birth_Rates!D14/Population_Dynamics!D21) - (Death_Rates!D14/Population_Dynamics!D21) -> 0.058441558
A15: 2003 | B15: =(Birth_Rates!B15/Population_Dynamics!B22) - (Death_Rates!B15/Population_Dynamics!B22) -> 0.078125 | C15: =(Birth_Rates!C15/Population_Dynamics!C22) - (Death_Rates!C15/Population_Dynamics!C22) -> 0.064285714 | D15: =(Birth_Rates!D15/Population_Dynamics!D22) - (Death_Rates!D15/Population_Dynamics!D22) -> 0.06
... A27: 2015 | B27: =(Birth_Rates!B27/Population_Dynamics!B34) - (Death_Rates!B27/Population_Dynamics!B34) -> 0.2 | C27: =(Birth_Rates!C27/Population_Dynamics!C34) - (Death_Rates!C27/Population_Dynamics!C34) -> 0.028 | D27: =(Birth_Rates!D27/Population_Dynamics!D34) - (Death_Rates!D27/Population_Dynamics!D34) -> 0.0375
A28: avg | B28: =AVERAGEIF(B2:B27,"<>0") -> 0.029610587 | C28: =AVERAGEIF(C2:C27,"<>0") -> 0.058795139 | D28: =AVERAGEIF(D2:D27,"<>0") -> 0.051251603

Sheet Лист1
B1: Heck_Cattle | C1: Konik_Horses | D1: Red_Deer
A2: Mass | B2: =AVERAGE(600,900) -> 750 | C2: 450 | D2: 240
A3: growth_rate | B3: =AVERAGEIF(Growth_Rate!B2:B27,"<>0") -> 0.029610587 | C3: =AVERAGEIF(Growth_Rate!C2:C27,"<>0") -> 0.058795139 | D3: =AVERAGEIF(Growth_Rate!D2:D27,"<>0") -> 0.051251603
A4: popualtion | B4: =Population_Dynamics!B43 -> 375 | C4: =Population_Dynamics!C43 -> 350 | D4: =Population_Dynamics!D43 -> 870
A5: consumption per kilo | B5: 88 | C5: 144 | D5: 90
A8: =TRANSPOSE(A2:A5) -> #VALUE!
A9: species | B9: mass | C9: growth_rate | D9: population | E9: consumption per kilo
A10: Cattle | B10: 750 | C10: =AVERAGEIF(Growth_Rate!B2:B27,"<>0") -> 0.029610587 | D10: =Population_Dynamics!B43 -> 375 | E10: 88
A11: Horse | B11: 450 | C11: =AVERAGEIF(Growth_Rate!C2:C27,"<>0") -> 0.058795139 | D11: =Population_Dynamics!C43 -> 350 | E11: 144
A12: Deer | B12: 240 | C12: =AVERAGEIF(Growth_Rate!D2:D27,"<>0") -> 0.051251603 | D12: =Population_Dynamics!D43 -> 870 | E12: 90
C15: =375*C10 -> 11.10397

Sheet Лист2
A1: Year | B1: Heck_Cattle | C1: Konik_Horses | D1: Red_Deer | G1: Heck_Cattle | H1: Konik_Horses | I1: Red_Deer
A2: 1990 | B2: =Birth_Rates!B2/Population_Dynamics!B9 -> 0 | C2: =Birth_Rates!C2/Population_Dynamics!C9 -> 0 | D2: 0 | G2: =Death_Rates!B2/Population_Dynamics!B9 -> 0 | H2: =Death_Rates!C2/Population_Dynamics!C9 -> 0 | I2: 0
A3: 1991 | B3: =Birth_Rates!B3/Population_Dynamics!B10 -> 0.037037037 | C3: =Birth_Rates!C3/Population_Dynamics!C10 -> 0 | D3: 0 | G3: =Death_Rates!B3/Population_Dynamics!B10 -> 0 | H3: =Death_Rates!C3/Population_Dynamics!C10 -> 0 | I3: 0
A4: 1992 | B4: =Birth_Rates!B4/Population_Dynamics!B11 -> 0.058823529 | C4: =Birth_Rates!C4/Population_Dynamics!C11 -> 0.058823529 | D4: =Birth_Rates!D4/Population_Dynamics!D11 -> 0 | G4: =Death_Rates!B4/Population_Dynamics!B11 -> 0.058823529 | H4: =Death_Rates!C4/Population_Dynamics!C11 -> 0 | I4: =Death_Rates!D4/Population_Dynamics!D11 -> 0
A5: 1993 | B5: =Birth_Rates!B5/Population_Dynamics!B12 -> 0.051282051 | C5: =Birth_Rates!C5/Population_Dynamics!C12 -> 0.083333333 | D5: =Birth_Rates!D5/Population_Dynamics!D12 -> 0 | G5: =Death_Rates!B5/Population_Dynamics!B12 -> 0.076923077 | H5: =Death_Rates!C5/Population_Dynamics!C12 -> 0.041666667 | I5: =Death_Rates!D5/Population_Dynamics!D12 -> 0
A6: 1994 | B6: =Birth_Rates!B6/Population_Dynamics!B13 -> 0.0625 | C6: =Birth_Rates!C6/Population_Dynamics!C13 -> 0.0625 | D6: =Birth_Rates!D6/Population_Dynamics!D13 -> 0 | G6: =Death_Rates!B6/Population_Dynamics!B13 -> 0.020833333 | H6: =Death_Rates!C6/Population_Dynamics!C13 -> 0.03125 | I6: =Death_Rates!D6/Population_Dynamics!D13 -> 0
A7: 1995 | B7: =Birth_Rates!B7/Population_Dynamics!B14 -> 0.089285714 | C7: =Birth_Rates!C7/Population_Dynamics!C14 -> 0.05 | D7: =Birth_Rates!D7/Population_Dynamics!D14 -> 0 | G7: =Death_Rates!B7/Population_Dynamics!B14 -> 0.017857143 | H7: =Death_Rates!C7/Population_Dynamics!C14 -> 0 | I7: =Death_Rates!D7/Population_Dynamics!D14 -> 0
A8: 1996 | B8: =Birth_Rates!B8/Population_Dynamics!B15 -> 0.073529412 | C8: =Birth_Rates!C8/Population_Dynamics!C15 -> 0.0625 | D8: =Birth_Rates!D8/Population_Dynamics!D15 -> 0 | G8: =Death_Rates!B8/Population_Dynamics!B15 -> 0.029411765 | H8: =Death_Rates!C8/Population_Dynamics!C15 -> 0 | I8: =Death_Rates!D8/Population_Dynamics!D15 -> 0
A9: 1997 | B9: =Birth_Rates!B9/Population_Dynamics!B16 -> 0.08974359 | C9: =Birth_Rates!C9/Population_Dynamics!C16 -> 0.071428571 | D9: =Birth_Rates!D9/Population_Dynamics!D16 -> 0 | G9: =Death_Rates!B9/Population_Dynamics!B16 -> 0.025641026 | H9: =Death_Rates!C9/Population_Dynamics!C16 -> 0 | I9: =Death_Rates!D9/Population_Dynamics!D16 -> 0
A10: 1998 | B10: =Birth_Rates!B10/Population_Dynamics!B17 -> 0.088888889 | C10: =Birth_Rates!C10/Population_Dynamics!C17 -> 0.060606061 | D10: =Birth_Rates!D10/Population_Dynamics!D17 -> 0 | G10: =Death_Rates!B10/Population_Dynamics!B17 -> 0.022222222 | H10: =Death_Rates!C10/Population_Dynamics!C17 -> 0.015151515 | I10: =Death_Rates!D10/Population_Dynamics!D17 -> 0
A11: 1999 | B11: =Birth_Rates!B11/Population_Dynamics!B18 -> 0.09 | C11: =Birth_Rates!C11/Population_Dynamics!C18 -> 0.08974359 | D11: =Birth_Rates!D11/Population_Dynamics!D18 -> 0.052631579 | G11: =Death_Rates!B11/Population_Dynamics!B18 -> 0.03 | H11: =Death_Rates!C11/Population_Dynamics!C18 -> 0.025641026 | I11: =Death_Rates!D11/Population_Dynamics!D18 -> 0.013157895
A12: 2000 | B12: =Birth_Rates!B12/Population_Dynamics!B19 -> 0.11764706 | C12: =Birth_Rates!C12/Population_Dynamics!C19 -> 0.1 | D12: =Birth_Rates!D12/Population_Dynamics!D19 -> 0.076086957 | G12: =Death_Rates!B12/Population_Dynamics!B19 -> 0.029411765 | H12: =Death_Rates!C12/Population_Dynamics!C19 -> 0.011111111 | I12: =Death_Rates!D12/Population_Dynamics!D19 -> 0.010869565
A13: 2001 | B13: =Birth_Rates!B13/Population_Dynamics!B20 -> 0.11206897 | C13: =Birth_Rates!C13/Population_Dynamics!C20 -> 0.11538462 | D13: =Birth_Rates!D13/Population_Dynamics!D20 -> 0.059322034 | G13: =Death_Rates!B13/Population_Dynamics!B20 -> 0.051724138 | H13: =Death_Rates!C13/Population_Dynamics!C20 -> 0.028846154 | I13: =Death_Rates!D13/Population_Dynamics!D20 -> 0
A14: 2002 | B14: =Birth_Rates!B14/Population_Dynamics!B21 -> 0.12068966 | C14: =Birth_Rates!C14/Population_Dynamics!C21 -> 0.06557377 | D14: =Birth_Rates!D14/Population_Dynamics!D21 -> 0.064935065 | G14: =Death_Rates!B14/Population_Dynamics!B21 -> 0.017241379 | H14: =Death_Rates!C14/Population_Dynamics!C21 -> 0 | I14: =Death_Rates!D14/Population_Dynamics!D21 -> 0.0064935065
A15: 2003 | B15: =Birth_Rates!B15/Population_Dynamics!B22 -> 0.1171875 | C15: =Birth_Rates!C15/Population_Dynamics!C22 -> 0.085714286 | D15: =Birth_Rates!D15/Population_Dynamics!D22 -> 0.065 | G15: =Death_Rates!B15/Population_Dynamics!B22 -> 0.0390625 | H15: =Death_Rates!C15/Population_Dynamics!C22 -> 0.021428571 | I15: =Death_Rates!D15/Population_Dynamics!D22 -> 0.005
... A27: 2015 | B27: =Birth_Rates!B27/Population_Dynamics!B34 -> 0.52 | C27: =Birth_Rates!C27/Population_Dynamics!C34 -> 0.268 | D27: =Birth_Rates!D27/Population_Dynamics!D34 -> 0.21875 | G27: =Death_Rates!B27/Population_Dynamics!B34 -> 0.32 | H27: =Death_Rates!C27/Population_Dynamics!C34 -> 0.24 | I27: =Death_Rates!D27/Population_Dynamics!D34 -> 0.18125
B35: =AVERAGE(B2:B27) -> 0.19644644 | C35: =AVERAGE(C2:C27) -> 0.11511554 | D35: =AVERAGE(D2:D27) -> 0.067298848 | G35: =AVERAGE(G2:G27) -> 0.16911359 | H35: =AVERAGE(H2:H27) -> 0.060843107 | I35: =AVERAGE(I2:I27) -> 0.033788185
A41: 2016 | B41: =Birth_Rates!B28/Population_Dynamics!B35 -> 0.21666667 | C41: =Birth_Rates!C28/Population_Dynamics!C35 -> 0.20625 | D41: =Birth_Rates!D28/Population_Dynamics!D35 -> 0.18181818 | G41: =Death_Rates!B28/Population_Dynamics!B35 -> 0.36666667 | H41: =Death_Rates!C28/Population_Dynamics!C35 -> 0.3125 | I41: =Death_Rates!D28/Population_Dynamics!D35 -> 0.34545455
A42: 2017 | B42: =Birth_Rates!B29/Population_Dynamics!B36 -> 0.5 | C42: =Birth_Rates!C29/Population_Dynamics!C36 -> 0.12592593 | D42: =Birth_Rates!D29/Population_Dynamics!D36 -> 0.30434783 | G42: =Death_Rates!B29/Population_Dynamics!B36 -> 1.15 | H42: =Death_Rates!C29/Population_Dynamics!C36 -> 0.39259259 | I42: =Death_Rates!D29/Population_Dynamics!D36 -> 0.45652174
A43: 2018 | B43: =Birth_Rates!B30/Population_Dynamics!B37 -> 0.091304348 | C43: =Birth_Rates!C30/Population_Dynamics!C37 -> 0.3 | D43: =Birth_Rates!D30/Population_Dynamics!D37 -> 0.41025641 | G43: =Death_Rates!B30/Population_Dynamics!B37 -> 0.086956522 | H43: =Death_Rates!C30/Population_Dynamics!C37 -> 0.25 | I43: =Death_Rates!D30/Population_Dynamics!D37 -> 0.61538462
A44: 2019 | B44: =Birth_Rates!B31/Population_Dynamics!B38 -> 0.125 | C44: =Birth_Rates!C31/Population_Dynamics!C38 -> 0.30588235 | D44: =Birth_Rates!D31/Population_Dynamics!D38 -> 0.59375 | G44: =Death_Rates!B31/Population_Dynamics!B38 -> 0.25 | H44: =Death_Rates!C31/Population_Dynamics!C38 -> 0.70588235 | I44: =Death_Rates!D31/Population_Dynamics!D38 -> 1.15625
A45: 2020 | B45: =Birth_Rates!B32/Population_Dynamics!B39 -> 0.3 | C45: =Birth_Rates!C32/Population_Dynamics!C39 -> 0.41666667 | D45: =Birth_Rates!D32/Population_Dynamics!D39 -> 0.44 | G45: =Death_Rates!B32/Population_Dynamics!B39 -> 1.15 | H45: =Death_Rates!C32/Population_Dynamics!C39 -> 0.88333333 | I45: =Death_Rates!D32/Population_Dynamics!D39 -> 1.68
A46: 2021 | B46: =Birth_Rates!B33/Population_Dynamics!B40 -> 0.3 | C46: =Birth_Rates!C33/Population_Dynamics!C40 -> 0.48333333 | D46: =Birth_Rates!D33/Population_Dynamics!D40 -> 0.66225166 | G46: =Death_Rates!B33/Population_Dynamics!B40 -> 0 | H46: =Death_Rates!C33/Population_Dynamics!C40 -> 0.025 | I46: =Death_Rates!D33/Population_Dynamics!D40 -> 0.16556291
A47: 2022 | B47: =Birth_Rates!B34/Population_Dynamics!B41 -> 0.2 | C47: =Birth_Rates!C34/Population_Dynamics!C41 -> 0.87878788 | D47: =Birth_Rates!D34/Population_Dynamics!D41 -> 0.38095238 | G47: =Death_Rates!B34/Population_Dynamics!B41 -> 0.26666667 | H47: =Death_Rates!C34/Population_Dynamics!C41 -> 1.1515152 | I47: =Death_Rates!D34/Population_Dynamics!D41 -> 0.46190476
